Unnamed: 0,Type,Name,Age,Gender,MaturitySize,FurLength,Vaccinated,Dewormed,Sterilized,Health,Quantity,Fee,State,RescuerID,VideoAmt,Description,PetID,PhotoAmt,AdoptionSpeed,ColorName_x,ColorName_y,ColorName,BreedName_x,BreedName_y,StateName_x
1000,2,Jane Doe,2,2.0,1.0,1,2,2,2,1,1,0,41401,e5a05c5a799f1ccc3bbb6bc025432ac6,0,"Salam Petlover Again, another round of beautiful stray female kitty Jane Doe found wondering near lrt. Was found by a friend and now being taken care Indah area. Healthy, a bit defensive..but after a while shes very manja. She is available for adoption, kalau ada yg sudi, bolehlah call  ye. Terima Kasih",f32959003,3.0,1,Black,Yellow,White,Domestic Short Hair,Domestic Short Hair,Kuala Lumpur
1232,2,,0,1.0,2.0,2,1,1,1,1,1,10,41336,e1b4eb6fb9e68e550fa9020bcd2f2372,0,cute,108da3f0d,0.0,4,Black,Gray,White,Birman,Snowshoe,Johor
347,2,"Dawn,Olly,Duke,Afro & Era Aka Juu",2,3.0,2.0,1,2,2,2,1,5,0,41326,477c59dc4474b2f5abfceef5bd8146f6,0,"Thank you to all the kind souls who have give Dawn, Olly, Duke and Juu new homes. :) These are my cat Rhea's babies born on the /. They have Greek names : Afro (from Aphrodite), Era (from Hera), Dawn (from Poseidon), Olly (from Olympia) and Duke, he's not so into Greek mythology and wants a 21st Century name. They have a good appetite,very playful and quiet, ideal for indoor cat owners. On solid food and litter trained. The kittens have been kept indoors but freely roams the house. If you take them home, please do not cage them. It burdens me to give them up for adoption, I hope they'll find a home in your hearts and a family to love and pamper them. Kindly sms me if you are interested. SMS ONLY. Thank you.",d9fe690c2,10.0,1,Black,Cream,White,Domestic Short Hair,Domestic Medium Hair,Selangor
838,2,Lemonade,27,2.0,2.0,2,2,2,1,1,1,0,41401,651fa76749d5d4604276f49ab4248683,0,happy,9c178d0f4,4.0,4,Golden,Yellow,Cream,,,Kuala Lumpur
1089,1,Sabee,64,2.0,2.0,2,2,1,2,1,1,0,41401,24f239cdc75b79211d9343020396b521,0,"Sabee is a very active doggie. She used to stay indoor and having dog food. Every 3 to 6 month will attend for grooming. She is medium size and about 10KG. Don't ever think that she is mini size or toy dog. She is very sensitive to door bell, when owner and family come back, she will keep on barking. She like to play the toy ball very much and it would be the only toy she have. She afraid of thunder storm and fire cracker very much. She will looking for some place to hide like under the bed or table. She prefer chinese family. She need a very caring and lovely owner, would you be that for her?",b2b9c5176,3.0,3,Black,Brown,White,Mixed Breed,Poodle,Kuala Lumpur
78,1,Shadow,31,2.0,2.0,2,1,1,1,1,1,0,41326,7ba6596d2675824b5f670b4eb4732b41,0,The dog is well behaved. Slightly playful and has gone for dog training. You can also contact Yash at as she currently owns the dog.,84c1afe03,2.0,4,Black,Brown,Cream,German Shepherd Dog,Terrier,Selangor
911,2,Lil Miss Stevie And Her 2 Babies,1,2.0,2.0,1,3,3,2,1,3,0,41401,3e67677450cdcb34c08b345ccc6889ff,0,"Lil Miss Stevie is a young mum to 2 beautiful kitties who are only a month old. Both kittens are female, one is a spitting image of her mum with a black and white coat and the other is of white and grey (she has a perfect circle of grey on her back!). We found them hiding in a bush outside of our condo and are looking to find them a loving home. We would love to keep them ourselves as Stevie is so affectionate but unfortunately she is not too fond of our puppy. Please contact me if you would like to adopt this cute furry family of 3 girls.",7a7f8a828,3.0,1,Black,Gray,White,American Shorthair,Oriental Short Hair,Kuala Lumpur
250,1,Wynn,72,1.0,,3,1,1,1,1,1,200,41326,37c122a1f15a45ae8ea56b0872fd6419,0,"Wynn the Silky Tzu wandered into Ms. Lee's house on Christmas. He looked like he had not been groomed for months. Ms. Lee searched high and low for the owner but no one seemed to know about Wynn. Wynn is gentle, playful, and affectionate. He was passed to us to foster. He weighs 5.2kg (and now he weighs 5.8kg as of January 20). The vets said he's generally in good health. Tested for heartworm and results show negative. He's now on heartworm & tick prevention. We have just sent him for grooming and neutering. We charge an adoption fee of RM to cover for part of the vet fee + grooming charges. If you would like to adopt Wynn, please send us a message: describing the environment you are willing to provide him with and your experience with dogs. Please note that we strongly suggest 1-month trial where we will drop by to visit to see if Wynn is a good fit for your family. If it does not work out, Wynn must be returned to us. Please note that if you do not describe the environment you are willing to provide him with, we will not reply your email.",a8c19a325,9.0,2,Black,Gray,,Shih Tzu,Silky Terrier,Selangor
916,2,Baby Baby,1,3.0,1.0,2,2,2,2,1,5,0,41401,4e0df62357ee903a79d9a06139869b53,0,Please adopt them. I have so many already. Can't manage to take care. Please do contact me should you willing to help them. They are too cute.,fc948a166,1.0,1,Black,Gray,White,Domestic Medium Hair,Domestic Medium Hair,Kuala Lumpur
1060,1,Puppy Zorro,2,2.0,2.0,1,1,1,2,1,1,0,41401,c00756f2bdd8fa88fc9f07a8309f7d5d,0,Puppy Zorro was rescued and then brought to the vet for health check up.. She has been vaccinated and deworm. Very bright little girl and playful but will make some noise when she is hungry,c1db71d88,7.0,2,Black,Brown,White,Mixed Breed,Mixed Breed,Kuala Lumpur
1055,1,Puppy 2,4,,2.0,1,2,2,2,1,1,0,41401,b770bac0ca797cf1433c48a35d30c4cb,0,Healthy. Adopter bring her to vaccine and deworming. Rescued about 3 weeks.,a120cae65,1.0,2,Black,Brown,,Mixed Breed,Mixed Breed,Kuala Lumpur
461,2,"Cats-Baby,Manja,Comel.",5,3.0,1.0,1,1,1,2,1,4,0,41326,d835d7d98b94ec261d6d889a39eaed73,0,"Hi people.. On behalf of my good friend,I'm posting a group of cats that she is currently fostering.There are 4 cats all together,they are siblings.Location is Bukit Tinggi,Klang. Cats' age range are from 4-6 months old.There are 2 males and 2 females. New owner must own a cat-friendly home and know how to care for cats.Preferably be adopted together or in pairs.Serious adopters please contact  aina. or call/msg her . TQ.",49ba2ccff,8.0,2,Black,Yellow,White,,,Selangor
1015,1,Candy TNRM,9,2.0,2.0,1,2,1,1,1,1,0,41401,cd431467a017d5bce5f42daa746d7d08,0,"Super cute rescued puppy for adoption. If you can give her a caring, loving, forever home please call or",c23b6bbf6,2.0,4,Black,Yellow,White,Pointer,Mixed Breed,Kuala Lumpur
1205,1,4 Months Male Puppy,4,1.0,,1,2,1,2,1,1,0,41327,4f730224c4425d230360cd399ff6cf13,0,Gender : Male Age : 4 months Area : Jawi Male puppy rescued by Mr Khor and Madam Chew at or if you can provide forever loving home to this cutie,a2cd5b78a,2.0,4,Black,Brown,,Mixed Breed,Mixed Breed,Pulau Pinang
579,1,NO NAME YET,4,2.0,,1,1,1,1,1,2,0,41326,13733222f015ec6a0017c3c0527738ff,0,ä¸¤åªå®å®è¢«é€€å…»ï¼Œè¿˜æœ‰3ä¸ªå®å®æ‰¾å®¶ï¼Œæœ‰äººæ„¿æ„ç»™ä»–ä»¬ä¸€ä¸ªå®¶å—ï¼Ÿ è¯·é—®é—®èº«è¾¹çš„æœ‹å‹æˆ–å¸®å¿™SHAREï¼Œæ„Ÿæ©ã€‚è’²ç§åŒºã€‚ MS. ANGIE MS. KOMALA å®å®4ä¸ªå¤šæœˆï¼Œå·²æ‰“äº†ç¬¬ä¸€æ”¯é¢„é˜²é’ˆï¼Œç¬¬äºŒæ”¯å°†ä¼šåœ¨è¿™æ˜ŸæœŸæ‰“ï¼Œè¯·ç»™å®å®ä¸€ä¸ªå®¶ï¼Œæ”¯æŒé¢†å…»ä»£æ›¿ä¸äººé“ç¹æ®–ï¼Œæ„Ÿæ©ã€‚,ca121ab91,1.0,3,Black,Brown,,Mixed Breed,Mixed Breed,Selangor
211,2,GOOD CATS,2,3.0,1.0,2,3,3,3,1,4,0,41326,02601ad55765c69821a1a31fe7e407fc,0,Kucing untuk diberi secara percuma kepada yang sayang kepada kucing,b178f36d1,4.0,4,Black,Gray,White,Oriental Short Hair,Oriental Short Hair,Selangor
606,1,Hana,3,2.0,3.0,2,1,1,2,1,1,0,41326,aa66486163b6cbc25ea62a34b11c9b91,0,"Hana is a bubbly, active and adorable pup. She is intelligent and learns commands very quickly. Barks at strangers, loves to exercise and adores both human and canine companion. Adopter must vaccinate and spay her. No tying up or caging please.",ec040a1ef,9.0,2,Black,Brown,White,Terrier,Mixed Breed,Selangor
863,2,"Fok, Lu, Shou",2,3.0,1.0,1,2,2,2,1,3,0,41401,486710032197dc963de49089c67e1ad7,3,"Their miniature-mother whom, named Fatt Chai accidentally got pregnant right before her neutering. I was informed bout her pregrancy by the vet and i stopped the surgery as i not a supporter of abortion. Therefore, 3 cute little kittens were born. I name them Fok, Lu, Shou name after our chinese god, san xing which bring prosperity,status and longevity. I am a cats lover and currently i have 2 adult cats with me. Due to my job where i need to outstation frequently, it's difficult for me to handle a total of 5cats at home. It's painful for me to put my 3 precious little kitten up for adoption, but i hope there's other cat lovers who can give them a loving and warm home. Note: They are sand-trained. Thank you",b1d288322,4.0,2,Brown,Golden,White,Domestic Short Hair,Domestic Short Hair,Kuala Lumpur
633,1,Callie,1,2.0,2.0,1,3,3,2,1,1,0,41326,fa90fa5b1ee11c86938398b60abc32cb,0,Cute and lovely puppy looking for a home sweet home. Commitment to spay is compulsory. If u are interested to adopt pls contact Rachel,6114449db,4.0,3,Black,Brown,White,Rat Terrier,Mixed Breed,Selangor
1129,2,Tuna,2,2.0,2.0,1,2,1,2,1,1,0,41401,979b19faf60e4904eca24c204af1a50f,0,"This little one is called Tuna because when we first got her,she smelt of Tuna! Back then she was skinny and had diarrhea. After visits to the vet, her diarrhea has cleared, she has been dewormed, given a Frontline bath (to remove any mites) and is well fed (loves chicken!!). Now she is a fuzzy furry ball of loveliness looking for a new home. We are seeking a serious adopter to take in Tuna with open heart and open home! :) The adopter will need to commit to vaccinations and spaying Tuna when the time comes.",dd5275a60,6.0,1,Black,Brown,Gray,Tabby,Domestic Short Hair,Kuala Lumpur
1161,1,Simba,1,1.0,2.0,2,2,2,2,1,1,0,41327,7f74401ff1a7ca18737bc527ccf23a45,0,the mother and father or this puppy is a mixed breed of mongrel and labrador. no fees applied but since we are running a shelter consiting of dogs and puppies at present we greatly appreciate any donations given but its totally up to you all. ðŸ˜Š,71297d780,1.0,2,Brown,Golden,Cream,Mixed Breed,Mixed Breed,Pulau Pinang
876,2,Mary,38,2.0,2.0,3,1,1,1,1,3,200,41401,2628a23e21e9d05bfc639ad8b3aa34de,0,"1month++ kittens with 3y/o mom. Persian long hair. toilet trained, kittens bottle milk trained. pls watspp for further info",02c39fd73,2.0,2,Black,Golden,White,Persian,Calico,Kuala Lumpur
393,1,Prince,24,1.0,2.0,3,1,1,1,1,1,0,41326,db784cbcf321e1d8856b312638b94113,0,"found this loving boy alone at a bus stop. he is approximately 2 years old, male. he is very loving and friendly toward people. he likes to SMILE a lot too! he will be a great companion! Lester Jenny will you adopt him? ================================================== Adopters are required to vaccinate and neuter them. We also kindly ask adopters to provide us updates with pictures after adopting them. ==================================================",61fa7980d,7.0,2,Yellow,Cream,White,Golden Retriever,Mixed Breed,Selangor
235,2,,1,3.0,1.0,2,2,2,3,1,4,0,41326,6cd9925615f5c7ccfe11a151521c969a,0,"Four, 2 weeks old kittens. Mix breed domestic and persian. Very healthy. To give away for free. Reason too many cats at home. Location in Puchong. Call or sms",79f8f767e,0.0,1,Black,Gray,White,Domestic Short Hair,Persian,Selangor
932,2,Sugar,5,2.0,2.0,2,2,2,2,1,1,0,41401,6af7cf141aebf8f93aff60ef5ba995da,0,"Friendly and playful. Domesticated, will use litter if available. Stay indoors most of the time. Need to find a home as soon as possible.",5452fea14,1.0,4,Golden,Gray,White,Calico,Domestic Medium Hair,Kuala Lumpur
694,1,Eva Of Spanish O,4,2.0,2.0,1,2,1,2,1,1,0,41326,aa66486163b6cbc25ea62a34b11c9b91,0,"Eva is among six siblings i nicknamed the Spanish Orchestra. She has a very cool and mature demeanor, very observant and not at all hyper. Very good natured, alert and gentle. Great as a companion pet. Vaccination and neutering are compulsory. No tying up or caging for long hours. Please call if interested.",681be6214,5.0,1,Black,Brown,White,Terrier,Afghan Hound,Selangor
224,2,Kittens 1 Months Old,1,3.0,1.0,1,2,2,2,1,2,0,41326,1e0b5a458b5b77f5af581d57ebf570b3,0,"Please help me to save these little kittens. there are two of them. 1 female and the other is male. both of them together with the mother are been hanging around in front of my office (in other words there living there). what i'm worried about is that they are very small and in front of my office is a parking lot area and i'm afraid they'll be hit while playing under the car (as you know kittens love to wondering around). some more there also dogs wondering around this area and it is not good for their safety. i think its ok if you just take the kittens without the mother because it seems that the mother started to leave her babies to play by themselves provided you have to feed them as babies i.e with milk to replace the mother's. i cannot keep or adopt them since i'm renting a room in my house and i don't think my house owner gonna like it. so, if somebody out there looking for pets,rather you buy expensive fluffy cats, please help me to save these little kittens because it will mean a lot to them also to me and in the same time you've done something good to the society and the animals. please please please help me to rescue them because i'm afraid the cleaner or the management of this building might done something bad to them because they have started littering everywhere it it cause a very bad smells and i'm afraid people might complain about this. if anyone interested kindly call me at my number ()or please email at . please let me know earlier so that i can keep them and put in the box while waiting for you to come and take them. i provide some of their photos. i know there are not a very fluffy cat or a Persian cats. but i bet they can be a very good friend.",8509ad722,6.0,2,Black,Gray,White,,,Selangor
622,1,Patches,11,2.0,2.0,1,2,2,2,1,1,0,41326,90191b06d602e8d45b4ce25dd22c6a3e,0,"She is a lost beagle who needs love and care from a good family. She is good tempered, friendly and easy to manage, a great a family dog. She will be spayed before handing over to her new home.",4a9fa9d9e,2.0,2,Black,Brown,White,Beagle,Mixed Breed,Selangor
309,1,4 Pups 8 Weeks,2,3.0,2.0,2,1,1,2,1,4,0,41326,3b074cadd2350de62dca7056b9bab6f4,3,"FOR serious adopters only! If you are interested in adopting, kindly contact ==> Call/ SMS to Requirements for Adoption: ========================= All adoptions are subject to an interview and house check. Cost of vaccinations and neutering to be borne by adopter. Vaccinations and neutering/spaying at 6 months of age are COMPULSORY.",e27ac6865,13.0,3,Brown,Cream,White,Mixed Breed,Mixed Breed,Selangor
174,2,Woolsy,1,1.0,2.0,1,2,1,2,1,1,0,41326,e62135526c27156b8479420aad166317,0,"Introducing handsome little Woolsy! ----------------------------------------------------- â™¥ Male kitten, 5 weeks old. â™¥ Very attached to people, a real cuddle-bug (manja) and curious about new things/toys/etc. â™¥ Currently on Feline Caviar kibbles and clever with the litter-box. â™¥ Dewormed (once) and given flea prevention. Woolsy is still too young to be vaccinated. ----------------------------------------------------- ***PLEASE READ*** (NOTE FOR ADOPTERS): â™¥ Woolsy must be kept INDOORS at all times. â™¥ Adopters MUST neuter him at the right age. â™¥ Premium food feeding only (no Whiskas, Friskies etc). ----------------------------------------------------- Please drop me an email or call if you feel that you may be just the right person for this boy. Thank you! :)",8170c6b01,3.0,2,Black,Gray,White,Tabby,Domestic Short Hair,Selangor
505,2,KD,5,1.0,2.0,1,1,1,1,1,1,0,41326,cf0355c8b9249b3c8fefdb67d91df147,0,KD is very affectionate and loves to be held and stroked. He likes to play football and dribbles the ball well. He is learning to play fetch. He has lovely soft fur.,d07d9ab13,1.0,2,Black,Brown,White,Domestic Short Hair,Tabby,Selangor
719,1,Puppies For Urgent Adoption,2,3.0,2.0,2,2,2,2,1,4,1,41326,4b354bd2fd2e10b99c54fa1d77f53026,0,"This are stray puppies, still looking for a forever home.my neighborhood is not safe for them anymore,some of the residents have raised complain on them to the Majlis.so I would really appreciate if any kind soul would give them a forever home (call)",f11772123,5.0,4,Black,Brown,Yellow,Mixed Breed,Mixed Breed,Selangor
837,2,Tamie,3,2.0,2.0,2,2,1,2,1,1,0,41401,1984caa688fee1576d4b783ee6f44501,0,"Friendly ,playfull n potty train.can eat any kind of food,this little kitten need a hme",ee2d66134,0.0,4,Golden,Yellow,Cream,Domestic Short Hair,Domestic Short Hair,Kuala Lumpur
478,2,2 Naughty Kittens (7 Weeks Old),2,3.0,2.0,1,2,2,2,1,2,0,41326,efa9a4be1e2e903503540f01db1766f3,0,2 naughty kittens for adoption. They are 7 weeks old and healthy. Interested adopters can whatapp me. Location Bandar Baru Bangi,042b1e55f,1.0,2,Black,Brown,White,Domestic Short Hair,Domestic Short Hair,Selangor
40,2,Sesame,1,2.0,2.0,1,2,2,2,1,1,0,41326,5aca30a29e8290093fee2a334d65d835,0,"Sesame was found lost and helpless by a drain along the busy streets of SS2 five days ago. She is very young, age about 1 month old, healthy, playful and affectionate. Sesame will be taken to the vet for vaccination and deworming next week. She will be ready for adoption by end of September as when she's a little bigger and stronger. Looking for serious adopter who is willing to give Sesame a forever home.",d565f7c6f,8.0,1,Golden,Yellow,Cream,Domestic Short Hair,Domestic Medium Hair,Selangor
955,2,Breezy,2,1.0,1.0,1,2,2,2,1,1,0,41401,2181fc2a61447996c1e5cee02738b5c3,0,"*** Looking for someone who really love and adore cats....And someone can share their love and spare a time for him *** *** Own Pick Up / Collection : Call To Make Arrangement *** *** Must adopt 2 of Them, for them to play together *** Interested Please Call : (Emy)",c4718084c,3.0,0,Brown,Cream,White,Siamese,Burmese,Kuala Lumpur
809,1,Browny,1,1.0,1.0,1,2,2,3,1,1,0,41326,793a857b0f2db4c0ed8fd9e38cc7cb5f,0,"Found this pup near bukit rajah, klang shop lots.. 1 Month old puppy, very active... healthy.. hope someone could give him home... its free adoption.. normal breed.. Thank you..",c239d1834,4.0,3,Black,Brown,Golden,Mixed Breed,Mixed Breed,Selangor
1132,2,Male Persian+DLH,7,1.0,3.0,3,1,1,2,1,1,200,41401,c6430f07f7515a64570a8bdcd85a3139,0,litter trained aktif sangat manja interested? sms only =),813bf169b,3.0,1,Black,Brown,Gray,Persian,Domestic Long Hair,Kuala Lumpur
1187,2,Tortie Female Kittens,1,2.0,2.0,1,2,2,2,1,2,0,41327,4f730224c4425d230360cd399ff6cf13,0,my friend found 2 lovely kittens behind her house. Please sms or whatsapp me if you are interest to provide a forever home for them,ee2793324,3.0,3,Black,Yellow,White,Domestic Short Hair,Domestic Short Hair,Pulau Pinang
518,2,Longxyy,21,2.0,2.0,2,1,1,1,1,1,0,41326,1ebf3a87189651fd058a47bc889bd86e,1,"Found her 2 years ago, and also posted on petfinder then looked like it belonged to somebody because she was so affectionate. But until now nobody has claimed her so we decided to just temporarily take care of her. Anyway, we might not be able to take care of her in the future because we will be moving to somewhere smaller. So I'm starting to look for suitable owner now. Pls drop me a line if you are interested!",697c8c6c9,1.0,2,Black,Brown,White,Calico,Domestic Medium Hair,Selangor
58,1,Tiger,36,2.0,2.0,2,1,1,1,1,1,0,41326,f00c605503e1ac125c8fff290d3a2c7a,0,Tiger looking for her forever home Adopt her today WhatsApp only at :,1d7e844a7,1.0,4,Black,Brown,Cream,Mixed Breed,Mixed Breed,Selangor
1225,2,3 Male 1 Female For Adoption,2,3.0,1.0,1,2,2,2,1,4,0,41336,3efa10684ab66aecdb5e468cf025c4db,0,All was born in our home on 28th August . They are actually an half mixed marble cat. Litter train since small. They are all fun and loving cute little kittens. Wish responsible cat owners to substitute us with tender loving care.,979710375,2.0,0,Brown,Gray,White,Domestic Short Hair,Bengal,Johor
70,1,Nafa And Siblings,1,3.0,2.0,1,2,1,2,1,5,0,41326,a042471e0f43f2cf707104a1a138a7df,0,"5 siblings were given away by a coffee shop owner to Aunty Kiew in Kajang. Being a lady with a heart of gold, Aunty Kiew accepted them without hesitation. Now we hope that we are able to find good homes for them",5c7d61133,5.0,2,Black,Brown,Cream,Labrador Retriever,Mixed Breed,Selangor
776,2,Nori,12,,3.0,1,1,1,1,1,1,100,41326,863b139d639801b855de9a3cdef97f97,0,"likes to eat, an indoor cat, clingy and a nice cat",775d4b52e,1.0,4,Black,Brown,,,,Selangor
452,1,Brave Girl,1,2.0,2.0,1,2,2,2,1,1,0,41326,8bac0384da6a4552cb8ab47c1d530fa7,0,"She is white with a mixture of black spots and light brown. She may be under nourish but she is recovering now and able to eat properly, very shy at first but easy to warm up to any starnger",9c17624f8,1.0,4,Black,Yellow,White,Mixed Breed,Mixed Breed,Selangor
15,1,Aaron & Ayumi,2,3.0,2.0,1,1,1,2,1,2,0,41326,aa66486163b6cbc25ea62a34b11c9b91,0,"Aaron and his sister Ayumi are two good-looking pups looking for homes. Aaron is black and tan, a handsome male and soo lovable. Ayumi has a lovely golden brown coat, and is slightly bigger in size> both are a tad shy but warming up slowly. Adopters must spay and vaccinate them. Please give them a loving home.",5a567392e,8.0,3,Black,Golden,Cream,Doberman Pinscher,Mixed Breed,Selangor
280,2,"Sad, Handsome Cat Seeking New Home",12,1.0,2.0,1,3,3,3,1,1,0,41326,5aca30a29e8290093fee2a334d65d835,0,"This poor handsome cat has a lousy owner who does not seem to take care of him well. The owner just let him wander around without considering his safety. Obviously, he is an unhappy cat. Location: KL city, somewhere near Times Square. Seeking a serious adopter who's willing to provide this boy a better life. Kindly contact Lovely Shasha or SMS/email me if you are interested. Thank you.",a904d6da4,1.0,2,Cream,Gray,White,Domestic Short Hair,Domestic Medium Hair,Selangor
639,1,Amber C,12,2.0,2.0,1,1,1,1,1,1,0,41326,aa66486163b6cbc25ea62a34b11c9b91,0,"Amber is a gorgeous tricolor border collie cross with a personality to match. She is happy-go-lucky, very well behaved and an excellent watchdog. Enjoys her daily walks and will add sunshine to your house. She knows basic commands such as come, sit and go inside to her cage. No tying up or caging unless necessary for short periods. for long hours. Her owner has to move to a condo and can't take her along. Please give her a good home",751412a89,8.0,4,Black,Brown,White,Border Collie,Mixed Breed,Selangor
698,1,Jacky,8,1.0,2.0,2,1,1,3,1,1,0,41326,ef972f08007ad1672e0c186fb4eb4380,0,"He is jacky. Just a normal dog, but do abnormal things such as being very active and happy sometimes, he will listen to command such as SIT,HAND,STAND,ROW.By using NO command to stop him doing something. He is a clever dog, and healthy dog.Too bad I can't take care of him anymore because I'm going to college.Please be a good person adopt him.You can call my phone number. No ADOPTION FEES , JUST feed him and take care of him.",27e6b452b,5.0,4,Brown,Golden,Yellow,Mixed Breed,Mixed Breed,Selangor
851,1,Cute Puppies,1,3.0,,2,2,1,2,1,4,0,41401,f7df4784406d61e987b25edb9f657f9b,0,"Mama dog size of a shih tzu, short legged is left to roam in wet market by irresponsible owner. Rescuer an elderly had been feeding her and pups. Pls note that there may be an adoption fee as she will use the money to continue feeding, vaccinating, deworming, spaying and giving medical attention to the strays whenever possible to touch and catch them.",75a803430,5.0,4,Black,Brown,,Mixed Breed,Mixed Breed,Kuala Lumpur
300,2,No Name,2,2.0,1.0,2,2,2,2,1,1,100,41326,d835bced4bcedb46fe3ab60b5995fdbe,0,will be release back within 3 days will dewormed and will request for deposit to make sure the adopter spayed and vaccined,73680f695,2.0,4,Brown,Cream,White,Siamese,Domestic Medium Hair,Selangor
285,1,Miko,3,2.0,,1,2,1,2,1,1,0,41326,ded13244857cbef3af915251d8fd2418,0,"""The kindness one does for an animal may not change the world. BUT, it will change the world for that one animal"". Please give Miko a home. The adopter MUST BE willing to vaccinate her annually and neuter her when she approaches 6 months old. Please leave me a message or email if you wish to adopt and give this adorable puppy a home Location: Semenyih, Selangor (Near Nottingham University and Broga hill)",5bb7dbfc2,4.0,3,Cream,Gray,,Shepherd,Mixed Breed,Selangor
248,1,Large Breed Hybrid Goberian Puppies,3,3.0,3.0,2,1,1,2,1,3,0,41326,e24b1f073d9c3d18be61f5cc667640c5,0,"3 months old Goberian (Hybrid) puppies looking for good homes within Subang Jaya 3 male and 2 female available Father Siberian Husky / Mother Golden Retriever (both parents are with MKA cert) Home bred with 1st vaccination and deworming done. New owner has to give 2nd, 3rd & 4th vaccinations. Pups born 18th March and ready to be rehomed. Pups come with vaccination record from Healing Rooms Veterinary Clinic. Price RM Free but owner get's visitation rights to the puppies Call at THESE ARE NOT GUARD DOGS but FAMILY DOGS",bf456451e,7.0,3,Black,Gray,White,Siberian Husky,Golden Retriever,Selangor
155,1,Scotty 11,14,1.0,2.0,2,1,1,1,1,1,0,41326,4221952c89be5f248dede46d0f2bb9e6,0,Found by a friend at 3 mths. He could not keep the dog & requested me to help take care. We have neutered the dog & sent him for 10 training lessons. We allow this dog to come in the house as & when he likes. Due to my sinus & allergy problem we got to let him go to a good family.,72c626d6c,4.0,0,Black,Golden,White,Spitz,Sheep Dog,Selangor
1268,1,Puppies Looking For A Loving Home,2,3.0,2.0,1,2,1,2,1,2,80,41336,4a4e6f628fdb81e9c0dda3649a0292fe,0,"Two adorable puppies were rescued off the streets with their Mommy. The Mommy has a home now, but the owner doesn't want the puppies. If you can give them a home, a nice loving home it will be great. These two are siblings and they get along really well. It would be best if you can take them both in. They are loving, boisterous darlings that just need someone to love them back. Even at such a young age, they are both great guard dogs. They are brave and not afraid. With a little bit of training, they'll make good pets and guard dogs. I only have ONE request. Only take them if you are serious about adopting them. They will live to be about 15 years old. Can you dedicate that time to them? You must commit to spaying/neutering both of them at 5 months old. This will help prevent further stray problems. I am only interested in SERIOUS adopters, not those with passing fancies. The fee indicated is for deworming them. If you really want them, you won't mind the RM80. NOTE: I work in Singapore so I won't be able to answer your calls during the day. Kindly send me an sms if you're interested and I will get back to you at night. Alternatively, you can email me at or SMS me at +65.",8b9a9eac7,4.0,2,Black,Brown,Gray,Mixed Breed,Mixed Breed,Johor
1165,1,"Steady, Starry Sunny, Smoothy, Smartly,s",1,3.0,1.0,2,3,3,3,1,6,0,41327,cccb18b8f8b81862f9a1ebc65d651d22,0,"An abandoned long coat/haired dachshund mix gave birth to 6 babies on November 3,. 4 males and 2 females. Females Adopted.! 3 Males still available The mom is Sausage and her puppies are Steady, Starry, Smoothy, Smartly (all maleS) and Sunny and sheeny (girls) We are taking reservations for adopting. They will be available for adoption when they are 2 months old. You must fulfill the below requirements to adopt.. 1. Deworm 2. All 3 vaccines 3. Female spay / male neuter, when 8-9months old 4. Indoor pet and prefer to roam free, not caged or tied 5. Keep in touch/update photos once a year thru social media ( FB or whatsapp) 6. Allow a home visit with agreed appointment 7. If for ANY reason,,, even with a thousand reasons, you cannot take care of the furkid, you will NOT abandon it. Give back to us to rehome.",1fd1d2349,2.0,4,Black,Brown,Cream,,,Pulau Pinang
311,1,TimTams: Playful Pets+ Great Guards,12,1.0,2.0,1,3,3,1,1,2,0,41326,07184fe71e0dc6ad58406e228719fd21,0,"Thank God for sending a lovely family that fits the descrption of our ideal fosterer, and would do what i listed below for the dogs! Timtams are now part of a loving family of parents +3kids+a maid and loving the wonderful corner house with grass in the compound! ----- TimTams (one is Tim, one is Tam)- to make it easier to call them! Potential adopters should be able to commit to: 1) walking the dogs 2x a day (or keep them in secured bungalow/semi-d/corner house with vast area to roam, as they love running and playing) 2) spend time playing with them (they're still quite young, and will whine for attention unless given regular affection-time with keeper) 3) give fresh water daily & proper food (they eat kibbles) 4) keep shoes in proper shoe cabinet cos one of them is still displaying puppy behaviour of chewing shoes or moving them around (unless he gets adequate exercise and attention) They appear to be brothers, and was roaming Ara Damansara area when found. Plus points about these dogs: 1) trainable: know how to sit/shakehand/come 2) loves children and will play with kids - excellent FAMILY PETs! 3) chase cats (but don't attack them) 4) will bark at strangers - good alert dogs! 5) friendly to keeper and friends 6) great with older folks because of gentle nature - makes excellent FAMIlY PETs! 7) get along with other dogs, even male dogs (possibly because not fully sexually mature and also very gentle + playful in nature), so can join family with existing dogs. NOTE: Will only entertain genuine adopters who'd take either one or both dogs as family pets. They get along well with other dogs. Tim once ran up to an Alsation in my neighbourhood and I thought he'd be minced meat, but they got along fine! Tam was badly injured (possibly by other dogs) when he was rescued, so he'd need responsible owners who'd make sure he's kept in a safe environment.",eda8eecc6,20.0,3,Brown,Cream,White,Mixed Breed,Mixed Breed,Selangor
1233,2,Nacho,8,1.0,2.0,2,1,1,3,1,1,100,41336,55e163c5e7ff53b03f1d18df0bbb6cac,0,This cat was with me since he 3 months baby. I can't take care anymore because I'm moving to another place. He is very active and smart.,b4226db5f,5.0,4,Black,Gray,White,Egyptian Mau,Egyptian Mau,Johor
281,2,Cutey Pie,2,1.0,2.0,2,2,1,2,1,1,0,41326,923ad6932f839578a094df4685befdce,0,"Little Cutey Pie is a mix Siamese, very playful, manja and healthy. He loves to be on the sofa sitting beside his human. He was rescued by Amy. Anyone wanted to know more details can call Ms Amy at. free neuter can be arrange by Ms Amy when Cutey reaches 6-7 months old)",b100db162,1.0,1,Cream,Gray,White,Siamese,Domestic Medium Hair,Selangor
139,1,Auric And Ara (mother),76,,2.0,1,1,1,2,1,2,0,41326,430c518f96c7cbd27acb5a4184ab54cb,2,This mother and son pair were trapped in a large drain in Saujana for a month before they were rescued. They have been boarded at the vet and been given a clean bill of health. They are not fearful of people and are very playful.,67be298a7,3.0,4,Black,Golden,,Mixed Breed,Mixed Breed,Selangor
434,2,Batman & Fearless,1,2.0,2.0,2,2,2,2,1,2,0,41326,ec698968540cf58a5234979f01e1d346,0,"Just rescue from restaurant, the owner of the restaurant say the next day will throw those kitty to factory area or abandoned forest. Both of kitty were female, the black one fur is medium hair. They're very quiet didn't make noise since i bring them home until settle their own place. They're not afraid people and know how to go old news paper to pee. Hp : Area : seri kembangan Taman equine",55b799287,8.0,4,Black,Yellow,White,Domestic Short Hair,Domestic Medium Hair,Selangor
760,2,,2,2.0,1.0,2,2,2,2,1,1,0,41326,38c9b9b7cc327940210dd7578a46a98c,0,Rescued on Thu 23 Nov .,cfe4df8c6,0.0,4,Black,Brown,Gray,Tabby,Domestic Short Hair,Selangor
1319,2,,3,3.0,1.0,2,2,2,2,1,3,0,41332,bf1389c3f174506232a7e14977bf575d,0,"Currently i have 3 adult cats and 6 kittens. I am searching adopter for my 3 kittens. My 2 female cats beranak serentak. Tak berdaya nak jaga semua. I travel regularly from Seremban to Petaling Jaya and from PJ to Seremban. So any adopter from Negeri Sembilan, Selangor & KL are most welcomed.",6b6cdfdfe,5.0,1,Black,Brown,Cream,,,Negeri Sembilan
430,2,Konstant & Family,2,3.0,1.0,3,2,2,2,1,4,300,41326,1c770c836b40ded8613729f89e253712,0,"She is a beautiful mother cat, very loving and loves human. A mixed coloured furry cat with 3 beautiful furry kittens.",5b5e81279,5.0,4,Black,Yellow,White,Persian,Domestic Long Hair,Selangor
831,2,Kicap,8,2.0,2.0,1,2,1,2,1,10,0,41401,1b88df944231565b23c6955af0741396,0,Loves to be pampered. Will sleep with you if given the chance. Playful.,98fc3ff8e,3.0,1,Black,Golden,Cream,Domestic Short Hair,Domestic Medium Hair,Kuala Lumpur
524,2,Casper & Pucca,2,2.0,2.0,3,2,2,2,1,3,0,41326,49669f18048a41e70574a994b38d5903,0,"Hi, my cat gave birth recently, although I love kittens, they are too much for me to take care of. So I am putting some for adoption. Please help me find a loving home for my adorable kittens.",6a633ab6c,12.0,2,Black,Brown,White,Domestic Long Hair,Persian,Selangor
1068,1,No Name,2,3.0,1.0,1,3,3,3,2,7,0,41401,bff5a445a0bcf1257040693e9d58a8b1,0,For adoption,0910c13a3,12.0,4,Black,Brown,White,Mixed Breed,Mixed Breed,Kuala Lumpur
582,1,Venus,2,2.0,2.0,1,2,2,2,1,1,0,41326,893d9ac780c0203804dc170eee0144cd,0,"Venus is an adorable female puppy. She is 8 weeks old. She was born with her other siblings Mars and Pluto. Mars died 2 weeks back. He was hit by a car. My sister n I are currently fostering Venus and Pluto. We are looking for a loving and good family to take care of them. Since we already have 2 dogs at home, we cnt keep Venus and Pluto.",e7d595174,2.0,1,Black,Brown,White,Mixed Breed,Mixed Breed,Selangor
1329,2,,2,3.0,1.0,2,2,2,2,1,2,0,41332,3d0fe97de5974e487d2433a7fd1eaf3b,0,"hye saya ada dua ekor anak kucing untuk di adopt..saya jumpa mereka di hostel saya..saya kenal mak mereka..dulu mak mereka ni pernah cekau saya..saya dah puas cari mak diorang ni..tapi tak jumpa..so kalau nak, boleh la datang kat kolej legenda di mantin, negeri sembilan..better amik dua2 la..saya pon tak boleh nak bela mereka ni sebab dah ada 3 ekor dah kat umah ni..",e9d8c098c,5.0,1,Black,Brown,White,Domestic Medium Hair,Domestic Short Hair,Negeri Sembilan
763,2,3 Kitten,3,3.0,1.0,2,2,2,2,1,3,0,41326,9e9f7304cd2022597fe58071d9b35375,0,"Hi, Please call or sms if you interested. TQ",a686164c9,5.0,3,Black,Brown,Gray,Domestic Short Hair,Domestic Short Hair,Selangor
41,2,,3,1.0,1.0,2,2,1,2,1,1,0,41326,a9188bbfae8aa808e56da6f1d595882e,0,"I found this kitten in front of my workplace. He was hungry and shivering as it was a cold night, so I took him home. I couldn't keep him due to financial restriction. I have deflea and deworm him. He has also went for a checkup at the vet. He is free from parvo virus. He is very active and playful. My number is",e2334b5d7,5.0,1,Golden,Yellow,Cream,,,Selangor
1288,2,Snowy & Belang,3,3.0,1.0,2,2,2,3,1,2,150,41330,c27329303c95e0f0d0b4aa5e91abf62f,0,"Hi. Anyone interested to give them a new house. They are very playful, sweet, and cute.",401553149,1.0,3,Black,Brown,White,Domestic Medium Hair,Siamese,Perak
953,2,Snowy Siamese,2,3.0,1.0,2,2,2,2,1,4,0,41401,7481ae53e9c9e403bf7f64aaa7f8e20a,0,"I found this three adorable kittens and their mother underneath someone's car at my apartment parking, perhaps, they are cold and stay there for some heat. They are so cute and cheeky. I am afraid the owner of that car might acidently ram on them if i dont take them to rescue. Please kind-hearted out there adopt them. I have 6 cats already at home, i cant take more than that as m staying in apartment and i keep my cat indoor all the time... I promise, if you see them.. u surely would like tyhem... care to adopt please... Thanks in advance",eb1f2f2f0,27.0,0,Brown,Cream,White,Siamese,Domestic Medium Hair,Kuala Lumpur
1267,2,Grey And Blackie,4,2.0,2.0,1,2,2,2,1,2,0,41336,06e884e1b7850b5a0955df24bd2178a5,0,"I found this 2 kittens in my rented house in december . They have been take care by the cat mummy. Unfortunately, after i back from hometown after Chinese New Year, the cat mummy is gone, not sure she dump them or something happen to her =( In this case, i can't provide a very warm and unconditional love to them due to i just rent a room with hubby, the house owner Granny is not so like cat, and we are busy with our work, so sometimes we will neglect the kittens. I posted here to seek for pet lover that can provided food, home and love for them =) Currently, we did feed them with some pet food but not all the time.",5ee34f0d2,0.0,4,Black,Brown,Gray,Domestic Medium Hair,Domestic Medium Hair,Johor
493,2,Massimo & Latte,2,2.0,1.0,2,2,1,2,1,2,0,41326,63b60b8da35085adcc45418118258587,0,"Massimo (right) and Latte (left) are two little girls of my youngest cat, Mi Meow. They were born on 23 March . Both are feeding on cat biscuits now and also potty-trained. Massimo (1.8kg) looks bigger in size (probably due to her longer hair) but in fact Latte (1.9kg) is slightly heavier than her! Massimo is very playful, strong and full of energy while Latte is more quiet and prefer to observe first. As my dad is moving over to stay with us and he has asthma, we are trying to locate a new home for Massimo and Latte by end of June, otherwise we will have no choice but send them to SPCA or PAWS. To all cat lovers, please help to give them a new home. We believe they will surely bring lots of joy and fun to you!",9c26f0fed,4.0,0,Black,Brown,White,Domestic Medium Hair,Domestic Short Hair,Selangor
243,1,Sweetie Pie,24,2.0,2.0,2,3,3,1,1,1,0,41326,12deeea11a39a3da448d425b42eaee1d,0,"Sweetie was rescued in Jan 08. The rescuer has taken great care of this mild mannered yet personable dog. She was unknowingly rescued pregnant, and gave birth to a litter of 5 pups. Sweetie is protective of the home, very friendly, very alert - makes a good watch dog and companion as well. Is not too hyper but has the energy to play too. she is suspected to be between 2-3 yrs old, is healthy, and very very pretty! See Sweetie here: and Contact:",43ddb2eb4,2.0,2,Black,Gray,White,,,Selangor
1085,1,Short Toe,3,2.0,2.0,1,2,2,2,1,1,0,41401,9a50c5d66f407a71f04cb6e0ef08c929,1,"Somebody dumped this puppy in a neighbourhood where DBKL comes daily to catch stray dogs. She is very docile, gentle, friendly. Desperately need a home ASAP, before DBKL dog catchers get their hands on her. Please adopt, if not please share.",8af959627,7.0,3,Black,Brown,White,Dachshund,Beagle,Kuala Lumpur
854,1,Peanut,2,2.0,2.0,2,1,1,2,1,1,150,41401,dcbe6f49d89b1e5e06429dc599093b96,0,"Edit: Peanut is adopted by a nice family in Subang hours of posting. Thanks! We found Peanut tick infested at the regular park we go to at Seksyen 19, after a series of baths and deticking, she is a very happy puppy. She is about 2 months and is very obedient and trainable. Learnt to sit in a day, wait for food in 2 days. Will poo in grass whenever possible. Excellent temperament, very manja with humans and playful with dogs. I cannot verify this but she has many markings of a Belgian Malinois and she seemed to have thick bones and might grow up to be medium sized. Had her first vaccination and deworming and is very healthy. Too young to be spayed but will subsidize cost of spaying if cost is an issue to future family. The adoption fees are largely for her vaccinations. She is very dear to us but I do not have the resources to keep another dog, hope to find her a good family who will give her love and care. Thanks!",a63364c39,6.0,1,Black,Brown,Cream,Belgian Shepherd Malinois,Mixed Breed,Kuala Lumpur
419,2,Monkey,4,,,2,1,1,1,1,1,30,41326,6f40a7acfad5cc0bb3e44591ea446c05,0,"Very healthy, fat and playful kitten.",3ddfb6f66,5.0,2,Black,Yellow,,Domestic Medium Hair,Domestic Short Hair,Selangor
370,2,Chico,2,1.0,2.0,2,2,1,2,1,1,100,41326,95eab75701bfbddafb9e1e01e1ee9214,0,Chico Male 2 month Father : Korat Mother : Mix Persian Very Cute and Active Very Soft Medium Fur Easy to manage Toilet Train (Clumping Sand) Blackwood / Iams Adoption Fees:RM COD Mentari Court Sunway Please SMS (affi),c2284e2e9,4.0,2,Golden,Cream,White,Korat,Persian,Selangor
1099,1,Joey,96,1.0,2.0,1,1,1,1,1,1,0,41401,2056ffefa76cd5f7a1179ffbfce98b32,0,Joey currently not available. Thank you for your support. Joey is a loving dog. He loves to be pat and enjoys a good stoke. He is a good guard dog. He can jump quite high.,4c2040263,2.0,3,Brown,Golden,Yellow,Basset Hound,Shar Pei,Kuala Lumpur
127,2,Naughty 7weeks Old Calico Kitten,2,2.0,2.0,2,2,2,2,1,1,0,41326,efa9a4be1e2e903503540f01db1766f3,0,6-7week old michievious calico kitten for adoption. she is healthy and very active. Location is in Bandar baru bangi selangor. Interested adopters please whatapp me.,371d7e8ad,3.0,2,Black,Golden,White,Domestic Medium Hair,Domestic Medium Hair,Selangor
720,1,Boy Boy,4,1.0,2.0,2,1,1,2,1,1,0,41326,08b2735e5d9535cc93fc30d0891172f4,0,"boy boy is searching for a lovely family or individual to take care of him with great love forever he's a active type of kid and can easily mingle with other furkids. location tmn chi liung,klang contact vijay",92e87765e,5.0,3,Black,Brown,Yellow,,,Selangor
73,1,Corgie,24,1.0,2.0,1,3,3,3,1,1,0,41326,77142a6b20cdf4790682f974b40cccd1,0,"A Corgi(not sure if it's mixed probably not) found roaming around USJ 2/5A area. It has a owner. According to young girl living at USJ 2 this dog was place at USJ 2/5A by two believed to be college student and left. I'm not sure whether it's abandoned. but i will temporary foster it for two days. I temporary named it Corgi. it's very playful, love kids, and he can pull himself off the leash himself, plus, he ran away from my house two times that night so i kept him at the cage now. - Dog's nail trimmed. - very playful - Has a red collar with bell - believe it's a young dog. - not sure if it's neutered. looks like but will check with vet tomorrow. *Looking for Temporary Fosterer who willing to keep him as i have a dog here and my dad is not happy with him in the house. If there's no temporary fosterer or owner did not come back to claim it will be sent to the shelter. Thanks. Please call or If this is your dog. thanks.",28cf4a84d,1.0,1,Black,Brown,Cream,Corgi,Mixed Breed,Selangor
1257,2,Kucing,24,3.0,2.0,2,3,3,3,1,5,0,41336,3b39d00b6c5a904ae730bfb145cf8be3,0,I rescued this cat on Pasar in Johor Bahru.,157f9809a,0.0,4,Black,Brown,White,Singapura,Singapura,Johor
1312,2,Panda N Mojo,6,2.0,2.0,1,3,3,3,1,2,0,41325,28ce7dd7825356214ee3325c2b1a9e43,0,sangat jinak dan aktif,78c894840,3.0,4,Black,Yellow,White,Calico,Calico,Kedah
92,2,Jaja & Her 4 Furballs,0,3.0,2.0,1,2,2,2,1,5,0,41326,39e3aa8b4863f15e1491385a38583480,0,"on 3rd August , around 8 PM I told my son to go get something from my car. Few minutes later he came back panting. I asked him why ? something wrong with my car, but he told me JAJA, our PR stray is delivering kittens in the flower pot. One already delivered , another one on the way. When I reached the scene theres already 3 kittens delivered. I put JAJA and her kittens in my spare bathroom coz theres no cage available. Next morning there are 4 kittens. One delivered during the nite when we were sleeping. I hope to rehome JAJA together with the kittens to a good loving & caring home.",337405507,11.0,3,Brown,Golden,White,Domestic Short Hair,Domestic Short Hair,Selangor
692,1,Collar Bear,6,2.0,2.0,2,1,1,2,1,2,1,41326,682b350e73f22e3162385628e6994bd2,0,"Sweet and adorable, plz whatsapp for more info.",1bff3e46f,7.0,4,Black,Brown,White,,,Selangor
101,1,Shama,24,2.0,2.0,2,1,1,1,1,1,0,41326,d84c3c50e381c5beae953cab8a804e4e,1,"Serious adopters only. Shama is very beautiful and obedient. She is toilet trained, prefers a grassy lawn or daily walks. Please consider her as a new member to your pack (family). You may WhatsApp for more inquiries and current pictures.",ed74a9822,12.0,4,Brown,Golden,White,Mixed Breed,Mixed Breed,Selangor
165,2,Baby,5,2.0,2.0,2,2,1,2,1,1,0,41326,253ffb8e460b67e342023a5563fb2e3c,0,"Active, playful and healthy",5d55a0cb3,3.0,1,Brown,Gray,White,Burmese,Siamese,Selangor
237,2,Hayley,5,2.0,2.0,2,1,1,1,1,1,0,41326,001e42763024f9d4abe31e79472b1827,0,"Hayley is an active kitten. Loves cuddle. Must be kept indoors. She is playful. Her tail is as long as her body... fluffy and semi long haired. Her fur is very soft so needs grooming. She is dewormed, vaccinated and spayed.",9c1b4bb55,2.0,2,Black,Gray,White,,,Selangor
1064,1,MALE Pup Wants Good Home,3,1.0,2.0,2,1,1,2,1,1,0,41401,78ec79634d350f6850fdd4a335cab431,0,"Abandoned & rescued pups waiting for good home. *MALE *FRIENDLY *3-4 MONTHS PLEASE ADOPT THIS LITTLE BOY,HE DESERVE A GOOD HOME TOO.",032aefa61,2.0,2,Black,Brown,White,Mixed Breed,Mixed Breed,Kuala Lumpur
253,2,Kittens,2,3.0,,1,2,1,2,1,2,0,41326,96500c1e88f021521484782cd9124e66,1,"I have 2 adorable kittens that need to be adopted together. They are very healthy, litter box trained and very friendly. Only serious cat lovers need call. New owner must agree to vaccinate and spayed/neuter the kittens.",465e2ee50,2.0,1,Black,Gray,,,,Selangor
913,2,Gandalf And Sarabi,1,3.0,1.0,2,2,2,2,1,2,0,41401,d7cf4662cc0b42ab8c2c46ea1e475f56,0,"2 kittens found at parking lot up for adoption. One (Gandalf) is approx 1 month + and the other one (Sarabi) is probably just about a month or slightly less. Both can eat food on their own and potty trained. Would appreciate it of can adopt both together as they are very close. Location: Kemensah Heights, Ampang Please call or email if you're interested:)",43894825a,3.0,4,Black,Gray,White,Domestic Short Hair,Domestic Medium Hair,Kuala Lumpur
835,1,Beano & Akela,2,3.0,2.0,1,1,1,2,1,2,0,41401,e312a0a18cc1cc8129d9f58599e0f1ff,0,Beano & Akela are healthy playful puppies looking for a new loving home. Both are mixed breed. They are a bunch of fun to have. We would like to give them for adoption as a pair. As they are always together and it would break their hearts and ours if they were to be separated. ðŸ˜Š,becd6c70d,5.0,4,Brown,Yellow,Cream,Mixed Breed,Mixed Breed,Kuala Lumpur
586,1,Puppies (Stray),1,3.0,2.0,2,2,2,3,1,7,0,41326,5c3518d168a9a12ea20d286172f3fd85,0,"7 little adorable puppies waiting to be adopted. 5 male, 2 female. now is just less than 2weeks old. Just open up eyes few days ago.",2aac3e0ac,8.0,1,Black,Brown,White,Mixed Breed,Mixed Breed,Selangor
1254,1,Pepper,24,2.0,2.0,2,3,1,3,1,1,0,41336,708da953b2e22553bdf9a6e626b56029,0,"Pepper is an abandoned dog that appeared near my home about 5 months ago. Kind neighbours have fed her and looked after her, but nobody has taken her in. Some digruntled people are not happy with her in the neighbourhood and have complained to the Council. She faces beatings or being run over. She is a SWEET dog with a loving temperament. Please give her a home. I am willing to transport her anywhere you live. She doesn't have long.",2b95747f3,1.0,3,Black,Brown,White,Mixed Breed,Mixed Breed,Johor
904,2,PUPPY,5,1.0,2.0,1,2,1,2,1,1,0,41401,746e3812f14e3bf226b28e92a6b9c75c,0,"THIS IS PUPPY. HE IS AN ACTIVE CAT AND VERY INQUISITIVE. UNFORTUNATELY AS HE IS A MALE AND HAS NOT BEEN NEUTERED YET; HE HAS A TENDENCY TO START MARKING HIS TERRITORY. THEREFORE, IT IS BEST IF YU WANT TO TAKE HIM THAT YOU HAVE HIM NEUTERED. FOR NOW, I AM KEEPING HIM IN HIS CAGE. I NEED TO LET GO OF ALL MY CATS AS I HAVE HEALTH CONCERNS AND THE MANAGEMENT DOES NOT ALLOW FOR ME TO KEEP PETS ANYMORE. MORE PICS OF PUPPY TO FOLLOW...WATCH THIS SPACE.",360f2c8b9,1.0,2,Black,Gray,White,Ragdoll,Domestic Short Hair,Kuala Lumpur
685,1,Leia,36,2.0,2.0,3,3,3,3,1,1,0,41326,d98d32798fee2b533246771e51f7da9c,0,"Very active ,potty trained,adorable,really close with kids and loves food",6f8ae496e,3.0,4,Black,Brown,White,Shih Tzu,Poodle,Selangor
1260,1,Scooby,7,1.0,2.0,1,1,1,3,1,1,0,41336,45aa42f07093ccd89e2489ca8564ff69,0,I adopted scooby on Jan 3. He is is healthy n very energetic.. due to my work.. I m unable to look after him. N looking for serious partner.,102482c40,2.0,4,Black,Brown,Yellow,Mixed Breed,Mixed Breed,Johor
542,1,"A,b,c",2,2.0,2.0,1,2,2,2,1,3,0,41326,c1798e6e27c7bb224a35d284c654f8be,0,"This 3 were abandoned by the road side in kelana Jaya(An area with lots of traffic ,was concern thatthey might get run over by the vehicles in the area. I am not able to keep them long as we have lots of pets in our household and due to work , our time is limited. In need of someone to give them Tender loving care and attention. I will get these pups deworm tomorrow , they cannot be vaccinated as looking at the size, they could only be about 2 months old.Pls adopt one of these little ones. TQ .",4a67bf90d,5.0,4,Black,Brown,White,Mixed Breed,Mixed Breed,Selangor
277,2,Vitany,2,2.0,2.0,3,2,1,2,1,1,0,41326,e62135526c27156b8479420aad166317,0,"Introducing foxy little Vitany! â™¥ Female kitten, 8 weeks old. Silver / gray-coated with long fur and hazel eyes. â™¥ A little diva! She acts classy 24/7 (constantly grooming herself and observing her surroundings). She's soft-mannered even during her most playful moods. A very mature girl! â™¥ Quite vocal and will be the first to call out to you when she sees you. :) Vitany isn't too hyper and prefers to chill / lay back more than be in any active situation. â™¥ Healthy, has been de-wormed (once), is still too young to be vaccinated. Already clever with the litter-box and able to eat kibbles independently. ***[IMPORTANT] Note for potential adopters*** - Vitany must be kept INDOORS at all times. - Adopters must SPAY her at the right age. - Premium food feeding only (no Whiskas, Friskies etc). Please drop me an email or call if you feel that you may be just the right person for this girl. Thank you!",a76cbec89,6.0,1,Cream,Gray,White,Abyssinian,Domestic Long Hair,Selangor
353,2,Karma The Kitten,0,2.0,1.0,1,2,2,2,1,1,0,41326,15af6a6f4f853be9dc24a43157bc4a94,0,"Hey everyone! So my friends and I were walking around some shop lots earlier this evening and we heard loud meowing coming from a box. To our not-so-surprise, we found a little kitty that some irresponsible nitwit had abandoned infront of phone store. The kitty is being fostered and taken good care of by a friend of mine right now, we are actually really concerned for the little one as she is only 1 week old. And yes, it's a SHE. As for now, she's weak on her limbs since she is only a week old and is without the presence of her mother. She has pretty blue eyes, in fact, that is one of the main features we noticed when we picked her up. ADOPTION IS ONLY FOR RESIDENTS IN THE PETALING JAYA/ KUALA LUMPUR AREA. WE ARE NOT ABLE TO DELIVER THE KITTEN TO ANY ADOPTERS, ADOPTION IS BY MEANS OF COLLECTION ONLY. CONDITIONS UPON ADOPTION: 1) The kitten will need to be fully taken care of because of it's dyer need of care at only 2 weeks old. 2) The kitten is to be kept INDOORS at ALL TIMES. (We do not want another case of a homeless kitten.) 3) If you were to adopt this kitten, do expect calls from us from time to time to keep up on her condition as she is still a precious fragile baby that we have been fostering. 4) If Karma cannot adapt to her surroundings, Karma needs to be re-homed as it is only in a kittens nature to find comfort in where they wish to in the absence of the parent cat, and we wished to respect that. 5) Once Karma reaches the age of 1 year, Karma will need to be neutered and vaccinated to avoid further irresponsible abandoning of kittens. 6) We will not allow Karma to be caged, kittens (at least) need to be placed in a comfy kitten litter or a box layered with towels as they are in need of warmth, without warmth, fatality is at hand. 7) Karma is still weak on her limbs, she will require kitten milk, preferably without lactose. 8) Allow Karma to walk for bout 15 minutes a day under supervision to strengthen her limbs. We understand that there might be many terms and conditions, but we want the best for her.",66ad04874,4.0,4,Black,Cream,White,American Shorthair,American Shorthair,Selangor
348,2,Mao Muw Mew,1,3.0,1.0,2,2,2,2,1,3,0,41326,d97b3ef5fd1419b312dcb441a5f2715e,0,3 of them All black in color but hav some white stripes Round and short Bunch of hairballs Adorable playful Toilet train Mix persian By the way they r still too small to ge spayed\neutered call\text me afiq,bd0bfa1f6,5.0,1,Black,Cream,White,Domestic Long Hair,Domestic Medium Hair,Selangor
973,1,,3,1.0,2.0,1,1,1,2,1,1,0,41401,a881ab82bad8a88e35c3e28ad66a2cbd,0,Litters of a crossed breed mama dog. Super duper adorable. Please call for appointment. Only sincere adopters.,923a7163c,3.0,2,Golden,Cream,White,Mixed Breed,Spitz,Kuala Lumpur
278,2,Cats From TTDI Now In Omiey's Home,12,3.0,2.0,1,3,3,3,1,20,0,41326,5aca30a29e8290093fee2a334d65d835,0,"Hi feline lovers, There are 40 cats desperately seeking new homes before they are taken away from DBKL! This video link shows the lady who has been keeping these cats: Her neighbors seem to dislike cats, so they complained to DBKL. DBKL came to her house and told her to get rid of those cats. They'll be coming back to her house this Monday (6th February ) and she can only have 1 cat. DBKL will take the other cats and put them to sleep. She's looking for people who wants to adopt her cats and be their new owner. If you are interested, please contact Nicole at. Thank you.",35a6a9ef4,0.0,2,Cream,Gray,White,Domestic Short Hair,Domestic Medium Hair,Selangor
36,2,Jenny & Her Babies,16,3.0,2.0,2,1,1,2,1,3,0,41326,afd29fcaf7533852bd7c8b3599e6744a,0,Jenny gave birth to Moon (orangy) and River (grey-ish) about 2 months plus ago. I would like for them to be adopted as a family.,1adf071b0,4.0,2,Golden,Yellow,Cream,,,Selangor
68,1,Paris & London,2,2.0,2.0,1,2,1,2,1,2,0,41326,aa66486163b6cbc25ea62a34b11c9b91,0,Paris has a gentle temperament and very shy. ADopted by CM Chah in Cheras 5 April. London is friendly and truly adorable.,97dc6aa32,5.0,3,Black,Brown,Cream,Terrier,Mixed Breed,Selangor
627,1,Scruffy,3,2.0,2.0,2,1,1,2,1,1,0,41326,e5f791909629e34d5dcef44bbaf3da37,2,"Scruffy is looking for a good home/family who will spend lots of time with her, take her for long walks and most importantly give her lots of love... ************************************************** This is Scruffy's story: About a month ago, I was at my usual coffee shop in Hulu Kelang this morning, when I saw this tiny puppy wandering round the shop. She was really frail and quite dirty with a skin condition, and was looking for a kind person to cuddle up to and not so much for food. But of course Malaysians being Malaysians, most of them shoo-ed her away and some even kicked her. The coffee shop owner then informed me that her mother had recently been killed - someone had poisoned her. As I usually have a small amount of dog food with me in the car, I gave her some. She ate a little but just wanted to be petted. She then went to another table curled up at the feet of this old man. Thankfully this man did not kick her. I asked several people if they would take her, but of course none would. In the end, I asked the shop owner for a box and brought her home. I just could not bring myself to leave her there. I took her to the vet and it was confirmed that she had a severe case of sarcoptic mange. She was treated with Ivermectin for 5 weeks and she is now a healthy, active puppy. We're not entirely sure what breed she is, but she looks like she could have some Jack Russell in her and possibly some Dalmation as well as she has quite a lot of spots... She has just received her first vaccination and will be completing the remaining 2 shots soon. She has a very good temperament and is good with other dogs. She is curious about our cat and has shown no signs of aggression towards it. She is very playful and is a fast learner. For more pictures etc of Scruffy, please visit www.cleopatrathelabrador.blogspot.com",763264fa2,8.0,3,Black,Brown,White,Jack Russell Terrier,Mixed Breed,Selangor
77,1,Buttons,1,2.0,2.0,1,2,1,2,1,1,0,41326,aa66486163b6cbc25ea62a34b11c9b91,0,"Buttons is among six siblings abandoned by their heartless owner in Seri Kembangan. She has a cute black buttony nose. All are healthy and adorable, and need loving homes. Neutering and vaccination are compulsory, cost to be borne by adopter. Please call me if interested.",d76134f00,2.0,2,Black,Brown,Cream,Mixed Breed,Terrier,Selangor
1140,2,Momo&moko,1,2.0,2.0,2,2,2,2,1,2,0,41401,0761cb7cdd933e22cf9596fe71e1af1d,0,"2 cute little cat looking for home , who can give them a home. Last month, their mother was caught and DBKL , leaving them only, they also very small, estimated that only more than one month old , and I just want someone to love them and take care of their life, their life is not very long, only 15 years , the past 15 years only hope not to abandon them , to take care of them.and must keep them in home,and when them adult need to vaccination and ligation . Please contact me determined to adoption Elaine Thank you. Location in kl cheras",7bbdce003,7.0,4,Black,Brown,Gray,Domestic Medium Hair,Domestic Medium Hair,Kuala Lumpur
308,1,"Cappucino,Milo,Milky,Browny,Lucky",4,3.0,2.0,1,2,2,2,1,5,0,41326,b13b9ebf3d547ac9f242cc6d77703544,0,"There are 5 wonderful puppies are abandoned by owner with their mother dog. there are around 4 months old and very charming, playful and healthy. there are very alert and aware of their territory. we have been feeding them but the we have many of neighbors who don't like dogs and at any time municipal will take these puppies. We are looking for serious adopters who can provide a good family to these puppies. they definitely can be an excellent family member. Please contact us via wats up, sms or call us for more information. Thank you for your kind attention.",b90e6ec69,6.0,3,Brown,Cream,White,Mixed Breed,Mixed Breed,Selangor
14,1,Cody & Yumi,2,2.0,2.0,2,2,2,2,1,2,0,41326,aa66486163b6cbc25ea62a34b11c9b91,0,"Cody looks like a teddy bear, has golden fur with a cream colored chest. Sister Yumi is black and tan.",d7a772967,9.0,3,Black,Golden,Cream,Terrier,Mixed Breed,Selangor
625,1,Jingle,9,2.0,2.0,1,1,1,1,1,1,0,41326,a042471e0f43f2cf707104a1a138a7df,0,"Extremely playful & adorable. loves running around, loves eating, gets along with other dogs well. She has been spayed & fully vaccinated. Adopter has to reimburse the medical cost incurred in order to help other homeless dogs. Preferably keeping Jingle as an indoor pet.",a993cd91a,7.0,2,Black,Brown,White,Jack Russell Terrier,Mixed Breed,Selangor
45,2,Junior,2,1.0,1.0,1,2,2,2,2,1,0,41326,45693d627ba33f56f4d228094fd4ae75,0,very manja and active. love to cuddle. slight skin condition. please call for details.,6cf7d415b,3.0,3,Black,Brown,Cream,Domestic Short Hair,Domestic Short Hair,Selangor
1005,2,Lalila,3,2.0,1.0,1,2,2,2,1,1,0,41401,5309d1656533a721e4e8b9ca1d120294,0,"She is very affectionate, docile, smart, friendly and loving. Not picky no food. I found her at my apartment carpark, skinny and hungry. have been feeding her for past week or so and she looks much better and gain some weight too. I think she will make a very good companion cat.",a575d70f3,2.0,3,Black,Yellow,White,Tortoiseshell,Domestic Short Hair,Kuala Lumpur
1086,1,Jay,84,1.0,2.0,2,1,1,1,1,1,10,41401,2056ffefa76cd5f7a1179ffbfce98b32,0,"Jay is not available currently, thank you. Jay is very loving dog. He loves treats and loves to be pat. His bark is loud that he makes a good guard dog.",e48598033,2.0,2,Black,Brown,White,,,Kuala Lumpur
464,2,Simba,8,1.0,3.0,1,2,1,2,1,1,50,41326,d718a8deb57887c6ee18b757484273c8,0,"Nama: Simba Breed: DSH x DLH Ubat Cacing: diberikan 2 kali Warna: Seperti gambar Jantina: Jantan Makan: IAM'S Kitten & Blackwood Kitten Nota: Diselamat dan diambil daripada seorang makcik yang tidak dapat menjaga kucing-kucing dia dengan baik. Dia cuba buang kucing ini di beberapa tempat dan telah buang beberapa kucing lain di berapa tempat tempat lain. Saya minta kucing ini untuk foster dan bantu dapatkan adopter dan mereka yang berminat untuk membela mereka. Saya ambil 4 ekor kucing daripada makcik tersebut yang mana masa tersebut amat kelaparan dan tidak lagi makan untuk hari berkenaan. Bau kucing2 itu amat hancing dan busuk dan ambil masa untuk mandikan kucing berkenaan. Setelah 2-3 kali mandi, alhamdullilah mereka telah bersih dan harum amat. Beberapa vitamin dan makanan berzat seperti Blackwood Kitten dan IAMS Kitten diberikan kepada mereka semua. Mereka telah berisi dan amat aktif.",4baa2968b,5.0,2,Golden,Yellow,White,Domestic Long Hair,Domestic Short Hair,Selangor
910,2,FiFi And OwOw,60,1.0,3.0,2,1,1,1,1,2,0,41401,71fe6739c03fd04114a170f783efcf22,0,"hai, i am looking for adopter for my 2 cats. one is burmese (name Fifi) and one is tabby (name Ow-Ow). i have to find a new owner for these two because i am pregnant and become allergic to cats. no fee required. just want a very loving and caring owner. i am at mont kiara area. please call me. urgent because i will move out within a week and hope can find a new owner for these two lovely cats as soon as possible. i will give the litter box as well. they both are well trained to pee/poo in the litter box. they love to eat tuna flavour kibbles. new loving owner pls call me. i will give a box of kibbles as well. must adopt both of them and pls do not separate them. they cant live without each other..",52db8f887,1.0,4,Black,Gray,White,Burmese,Tabby,Kuala Lumpur
1024,2,Cutey Kitties,2,3.0,,1,2,2,3,1,2,1,41401,6a0248993510b02efc3f0800c37a86f6,0,"2 kittens to be adopted: 1 female tabby; and 1 male light brown. The kittens are the third generation of the cat family. Playful and potty-trained. Need to let them go because I've already have two adult cats. Kitties currently reside in Gombak, Kuala Lumpur. Interested? Please text me via Whatsapp or SMS. Calls won't be entertained. Thankin' you in advance. :)",e01e4a2fb,5.0,2,Black,Brown,,Domestic Short Hair,Domestic Short Hair,Kuala Lumpur
690,2,"Putih, Oren, Manja",3,3.0,2.0,3,2,1,2,1,3,100,41326,3f5eaefa90b921547ce5fee57c6345f3,0,"Kitten Mix Persion for adoption for cats lover only. D.O.B : 23/6/ Toilet trained, playful and cute Food : Blackwood Whatsup me if interested",6c04edd3c,2.0,1,Black,Brown,White,British Shorthair,Calico,Selangor
1215,1,,2,3.0,2.0,1,2,2,2,1,6,0,41327,4e9f9a3804795b86c27dd86f7fe05029,0,"Puppies up for adoption.. Very tame, active, adorable~ Please give them a home~",beea1e1dd,2.0,4,Black,Brown,Yellow,Bullmastiff,Mixed Breed,Pulau Pinang
1189,2,Flower Kitty,1,2.0,2.0,2,2,2,2,1,1,0,41327,6da13b035133b30c45eeac4402d34982,0,"This kitty is very hyper active, though she is still a little baby, but will play with big cats and dogs and didnt even scare them, i found her at the playground near my house last week, at that time, she weight only gram...she still drinking milk, but start eat wet food email me if you are interest.. self pick thank you very much",6cdc6cab4,3.0,3,Black,Yellow,White,,,Pulau Pinang
846,1,,4,1.0,1.0,1,1,1,2,1,3,0,41401,8a555d2810aeaea6432d87335116b3f7,2,"I found this puppy and another 2 puppies gathered around Jln Selesa 1, Tmn Gembira KL. They were found deserted by someone for the whole week. I took care of them and had them had their 1st vaccination done. Looking for pet lovers who can adopt them (or either 1)",022b37ea0,7.0,1,Black,Brown,Cream,Mixed Breed,Mixed Breed,Kuala Lumpur
650,1,Feather,2,2.0,2.0,2,1,1,2,1,1,0,41326,fa90fa5b1ee11c86938398b60abc32cb,0,Active and playful puppies. Looking for a goodhome. Size of maturity should be either small or medium size. No caging or chaining for long hour except for precautionary purposes. Commitment to spay is compulsory.,bec6cc26b,6.0,1,Black,Brown,White,Mixed Breed,Terrier,Selangor
111,2,3 Pretty & Friendly 5 Months Old Kittens,5,3.0,2.0,1,2,2,2,1,3,0,41326,efa9a4be1e2e903503540f01db1766f3,0,"3 friendly & playful 5 months old kittens for adoption. They are very curious kittens and will follow you around for company. Gentle, well behaved and cuddly . Location Bangi Selangor.",51741c1b7,2.0,3,Black,Golden,White,Domestic Short Hair,Domestic Short Hair,Selangor
31,1,Ã°ÂŸÂ’Â°Ã°ÂŸÂÂ¾88Ã°ÂŸÂÂ¾Ã°ÂŸÂ’Â°FattFatt,24,3.0,2.0,1,2,2,1,1,4,8,41326,dd4e471fd184fbb112238745f3bf8c75,0,"There is a pack of 4 dogs (2 males, 2 females....spayed) which I'd been feeding for over a year. They live in a bungalow construction site. Unfortunately, the project will be completing soon and rumors has it that the developer will get authority to catch and kill the dogs. These dogs are good guard dog. But once they get to know you (like me and my friends), they will turn friendly. They are a bunch of grateful doggies and playful too! Beautiful, healthy and intelligentðŸ˜ Best if can be adopt together (I know it's tough but I'm hoping a factory could accommodate them) or can be separated to individual adopter. NOTE: potential adopter MUST NOT cage or chain any dogs that adopt fr me Pls call, Angel. Dogs are located in Kota Kemuning Utama, Shah Alam. Pls give them a chanceâ¤ï¸",ef80d0222,4.0,3,Brown,Yellow,Cream,Mixed Breed,Terrier,Selangor
110,2,2 Playful Kittens,2,3.0,2.0,1,2,2,2,1,2,0,41326,98f959d5340d86f71ff3afd753ab4215,0,"Mother cat gave birth in my garden and I have been taking care of them since then. Both kittens are absolutely affectionate (manja). They will rush about in the morning meowing to greet you and send you all the way to your car! The male has a cute bobtail and will follow you everywhere just to be stroked and cuddled. The female has a longer tail and likes to be scratched. Both love to cuddle at your feet. They are both well-trained with cat litter. They are healthy, playful and intelligent (will look at your face and eyes and not just your hands :) They are about the size of a woman's hand and should grow up to be quite good looking for they have a lovely and elegant mum who looks like an Abyssinian mix with lovely green almond eyes. Anyone who can give them a loving home please contact me asap.",9e172ab13,4.0,1,Black,Golden,White,,,Selangor
179,2,Carmen Julius And Stefan,1,3.0,2.0,1,2,2,2,1,3,0,41326,4683fdfb21ab23a3c99e5bc52593bc66,0,The mother Josephine is an intelligent beautiful loving temperament adopted cat. These kittens are hers. They are 1 month old now and have begun to eat dry food and drink water. Carmen is female while Julius and Stefan are males. Looking for kind loving responsible masters.,eeaa5c53c,3.0,1,Black,Gray,White,Domestic Short Hair,Domestic Short Hair,Selangor
718,1,Da May & Xiao May,4,,2.0,2,1,1,2,1,2,0,41326,b6d8cb8933412e5e98587d6df64de1ac,0,Must adopt together,c1da8c2de,2.0,2,Black,Brown,,Mixed Breed,Mixed Breed,Selangor
435,2,Cherry,19,2.0,3.0,2,1,3,1,1,1,0,41326,f249f4781489bab5b1276cbec97c204e,0,"Name cherry. It has been adopted since 3 mths ago. I got the pet through pet finder. She is fat, she has bright green eyes and so adorable. Thank you very much Pang...for giving me a chance to have this adorable cherry.",13c4c2d4c,0.0,0,Black,Yellow,White,,,Selangor
945,2,Tiger,4,1.0,2.0,1,2,2,2,1,1,0,41401,08277d1064884f2722e8317c95dbabca,0,Found Tiger at a kopitiam in Bangsar. Shop owner notice that we were actively playing with him and suggested that we help find him a home. She was worried that no one looks out for Tiger when the shop closes. Tiger is very playful. Good companionship. Koji is also a friendly cat. Easily befriends other kittens.,4c2af85fe,3.0,3,Brown,Cream,White,Tabby,Domestic Short Hair,Kuala Lumpur
42,2,Kyle,3,1.0,2.0,1,2,2,2,1,1,0,41326,498a3034cb70c571be25f76c8b679f0c,0,"A very friendly, playful and ""petit"" kitten. Kyle is one male from a litter of 6. We are running out of space so all 6 have to be adopted and loved by you. The breed is Bengal (25%) + American Short Hair (25%) + DSH (50%) Colour is orange + Golden + light brown (lines) Best characteristics: He is so playful and would not mind being held and pet. He is the smallest in his litter, but also the most active. He has long and slightly crooked tail at the end. which makes it look like ""mata kail"" or ""fish hook"". Hence the name Kyle (Kail). :) Feeds on ProDiet kitten dry food + occasional ProDiet wet food + Goat's milk. Please check out my other kittens of the same litter.(Amy, sofi, Sherhan, Mika, Bino, Kyle) All have been kept indoors (free roaming) and have never been in contact with grass or other cats. SMS/Whatsapp ONLY.",30e900b4a,3.0,1,Golden,Yellow,Cream,Bengal,American Shorthair,Selangor
983,1,"Rose, Boo,Britt,Teddy",2,1.0,2.0,1,3,3,3,1,4,0,41401,7d70f839b2a85b6f08fe0145c846c4de,0,"We found theses puppies abandoned at Genting, we brought them down in hopes of putting them in a shelter but were told they were all full. We are putting them up at a friends place at the moment and are hoping someone will give them a loving home. They are really gentle and quiet and adorable. Please if you know the responsibilities of having a pet and are sure you can take good care of an animal do call us. We would like a small donation from you to show your sincerity which we will donate to an animal shelter. There are 2 males and 2 females. Please call and ask for Matthew.",ea3fe3286,1.0,1,Yellow,Cream,White,Mixed Breed,Labrador Retriever,Kuala Lumpur
1114,2,Cleopatra And Nefertiti,6,2.0,,1,1,1,1,1,2,0,41401,3e67677450cdcb34c08b345ccc6889ff,0,"These 2 playful sisters are full of character, love, curiosity and look as regal as their names. Unfortunately their owner is now under medication that causes sensitivity to cat hair and sadly has to give them away. Not only will these 2 beauties give you much fun and affection, they come with their favourite toy... their 'cat tree'! :) Please call to give the elegant duo their forever home.",a04923326,4.0,3,Brown,Golden,,Oriental Tabby,Oriental Short Hair,Kuala Lumpur
96,2,Curly,3,2.0,2.0,1,2,2,2,1,1,0,41326,a9caef3f98e67bfac9093cca79e20b93,0,Curly is a little trooper! A little shy at first she will soon be clambering all over you to play. She loves running around the house as all kittens do and has the sweetest personality. Curly and her siblings will be ready for adoption in one month. To reserve or more info please whatsapp,d7c661670,4.0,3,Brown,Golden,White,Domestic Short Hair,Domestic Medium Hair,Selangor
